https://manavrachna.edu.in/
https://manavrachna.edu.in/about-us/accreditation-and-ranking
https://manavrachna.edu.in/admissions/connect-with-expert
https://manavrachna.edu.in/blog
https://manavrachna.edu.in/blog/globetrotting-greenbacks-study-international-economics
https://manavrachna.edu.in/blog/how-academic-partnerships-with-top-universities-open-global-career-pathways
https://manavrachna.edu.in/blog/real-world-learning-for-teens-how-mentored-internships-create-career-opportunities
https://manavrachna.edu.in/blog/smart-homes-and-smart-workspaces-promoting-carbon-neutral-sustainable-lifestyle
https://manavrachna.edu.in/careers
https://manavrachna.edu.in/careers/
https://manavrachna.edu.in/chat-with-a-student
https://manavrachna.edu.in/contact-us
https://manavrachna.edu.in/discover/beyond-academics
https://manavrachna.edu.in/discover/corporate-resource-career-management-centre
https://manavrachna.edu.in/discover/virtual-tour
https://manavrachna.edu.in/gallery
https://manavrachna.edu.in/global-panorama/tie-ups-and-engagements
https://manavrachna.edu.in/happening/archive
https://manavrachna.edu.in/happening/media-coverage
https://manavrachna.edu.in/happening/news-events
https://manavrachna.edu.in/happening/notices-and-announcements
https://manavrachna.edu.in/happening/press-release
https://manavrachna.edu.in/happening/print-ads
https://manavrachna.edu.in/international-institute-of-research-and-studies/
https://manavrachna.edu.in/international-institute-of-research-and-studies/mriirs/placements/top-placement
https://manavrachna.edu.in/latest/a-cultural-excursion-to-the-surajkund-mela
https://manavrachna.edu.in/latest/arunava-sinha-on-march-28-2025
https://manavrachna.edu.in/latest/author-talk-with-tanuj-solanki
https://manavrachna.edu.in/latest/mriirs-orientation-program-for-engineering-students
https://manavrachna.edu.in/latest/the-national-book-fair-delhi
https://manavrachna.edu.in/mrdc
https://manavrachna.edu.in/mriirs
https://manavrachna.edu.in/mriirs/about/about-mriirs
https://manavrachna.edu.in/mriirs/about/awards-recognitions
https://manavrachna.edu.in/mriirs/about/key-functionaries
https://manavrachna.edu.in/mriirs/about/leadership-talkvcs-message-pvcs-message
https://manavrachna.edu.in/mriirs/about/organisation-structure
https://manavrachna.edu.in/mriirs/about/our-impact
https://manavrachna.edu.in/mriirs/about/statuatory-compliances
https://manavrachna.edu.in/mriirs/academics
https://manavrachna.edu.in/mriirs/academics/about-academics
https://manavrachna.edu.in/mriirs/academics/academic
https://manavrachna.edu.in/mriirs/academics/academic-calendar
https://manavrachna.edu.in/mriirs/academics/b-tech-civil-engineering-smart-infrastructure-lateral-entry
https://manavrachna.edu.in/mriirs/academics/ba-english-h
https://manavrachna.edu.in/mriirs/academics/ba-english-literature
https://manavrachna.edu.in/mriirs/academics/ba-h-economics
https://manavrachna.edu.in/mriirs/academics/ba-hons-applied-psychology
https://manavrachna.edu.in/mriirs/academics/ba-hons-economics
https://manavrachna.edu.in/mriirs/academics/ba-hons-political-science
https://manavrachna.edu.in/mriirs/academics/ba-liberal-arts
https://manavrachna.edu.in/mriirs/academics/ba-media-and-communication
https://manavrachna.edu.in/mriirs/academics/bachelor-of-business-administration-general
https://manavrachna.edu.in/mriirs/academics/bachelor-of-commerce-hons
https://manavrachna.edu.in/mriirs/academics/bachelor-of-computer-applications
https://manavrachna.edu.in/mriirs/academics/bachelor-of-dental-surgery-bds
https://manavrachna.edu.in/mriirs/academics/bachelor-of-physiotherapy
https://manavrachna.edu.in/mriirs/academics/bamc-h-with-specialisation-in-print-new-media
https://manavrachna.edu.in/mriirs/academics/bamc-hons-with-specialisation-in-digital-media-production
https://manavrachna.edu.in/mriirs/academics/bamc-hons-with-specialisation-in-pr-advertising-event-management
https://manavrachna.edu.in/mriirs/academics/bba
https://manavrachna.edu.in/mriirs/academics/bba-banking-financial-marketing
https://manavrachna.edu.in/mriirs/academics/bba-business-intelligence-and-analytics
https://manavrachna.edu.in/mriirs/academics/bba-digital-marketing
https://manavrachna.edu.in/mriirs/academics/bba-global-international-business
https://manavrachna.edu.in/mriirs/academics/bba-global-international-business-kedge-business-school-france
https://manavrachna.edu.in/mriirs/academics/bca-artificial-intelligence-machine-learning
https://manavrachna.edu.in/mriirs/academics/bca-cyber-security
https://manavrachna.edu.in/mriirs/academics/bca-data-science-big-data-analytics
https://manavrachna.edu.in/mriirs/academics/bcom-association-ofchartered-certified-accountants
https://manavrachna.edu.in/mriirs/academics/bcom-in-fintech
https://manavrachna.edu.in/mriirs/academics/bdes-in-animation-visual-effects-vfx
https://manavrachna.edu.in/mriirs/academics/bdes-in-communication-design
https://manavrachna.edu.in/mriirs/academics/bdes-in-fashion-design
https://manavrachna.edu.in/mriirs/academics/bdes-in-interior-design
https://manavrachna.edu.in/mriirs/academics/bdes-in-product-design
https://manavrachna.edu.in/mriirs/academics/bsc-clinical-psychology
https://manavrachna.edu.in/mriirs/academics/bsc-food-science-and-technology
https://manavrachna.edu.in/mriirs/academics/bsc-hospitality-and-hotel-administration
https://manavrachna.edu.in/mriirs/academics/bsc-in-culinary-arts
https://manavrachna.edu.in/mriirs/academics/bsc-it-information-technology
https://manavrachna.edu.in/mriirs/academics/bsc-microbiology
https://manavrachna.edu.in/mriirs/academics/bsc-nutrition-and-dietetics
https://manavrachna.edu.in/mriirs/academics/btech-biotechnology-lateral-entry
https://manavrachna.edu.in/mriirs/academics/btech-civil-engineering
https://manavrachna.edu.in/mriirs/academics/btech-civil-engineering-lateral-entry
https://manavrachna.edu.in/mriirs/academics/btech-civil-engineering-smart-infrastructure
https://manavrachna.edu.in/mriirs/academics/btech-computer-science-and-engineering
https://manavrachna.edu.in/mriirs/academics/btech-computer-science-and-engineering-cse-lateral-entrypdigital-forensics-and-cyber-securityp
https://manavrachna.edu.in/mriirs/academics/btech-computer-science-and-engineering-lateral-entry
https://manavrachna.edu.in/mriirs/academics/btech-cse-artificial-intelligence-and-machine-learning
https://manavrachna.edu.in/mriirs/academics/btech-cse-artificial-intelligence-and-machine-learning-lateral-entry
https://manavrachna.edu.in/mriirs/academics/btech-cse-cloud-computing
https://manavrachna.edu.in/mriirs/academics/btech-cse-cloud-computing-lateral-entry
https://manavrachna.edu.in/mriirs/academics/btech-cse-data-science
https://manavrachna.edu.in/mriirs/academics/btech-cse-data-science-lateral-entry
https://manavrachna.edu.in/mriirs/academics/btech-cse-digital-forensics-and-cyber-security
https://manavrachna.edu.in/mriirs/academics/btech-cse-gaming-technology
https://manavrachna.edu.in/mriirs/academics/btech-cse-gaming-technology-lateral-entry
https://manavrachna.edu.in/mriirs/academics/btech-ece-ai-iot-intel-corporation
https://manavrachna.edu.in/mriirs/academics/btech-ece-ai-iot-intel-corporation-lateral-entry
https://manavrachna.edu.in/mriirs/academics/btech-ece-defence-technology
https://manavrachna.edu.in/mriirs/academics/btech-ece-semiconductor-design-and-manufacturing
https://manavrachna.edu.in/mriirs/academics/btech-electronics-and-communication-engineering
https://manavrachna.edu.in/mriirs/academics/btech-electronics-and-communication-engineering-ece-lateral-entrypwith-specialization-in-vlsi-and-embedded-system-communication-systemsp
https://manavrachna.edu.in/mriirs/academics/btech-electronics-and-communication-engineering-lateral-entry
https://manavrachna.edu.in/mriirs/academics/btech-in-biotechnology
https://manavrachna.edu.in/mriirs/academics/btech-lateral-entry-computer-science-and-engineering-digital-forensics-and-cyber-security
https://manavrachna.edu.in/mriirs/academics/btech-lateral-entry-mechanical-engineering
https://manavrachna.edu.in/mriirs/academics/btech-mechanical-engineering-electrical-vehicles-lateral-entry
https://manavrachna.edu.in/mriirs/academics/cdp
https://manavrachna.edu.in/mriirs/academics/circulars
https://manavrachna.edu.in/mriirs/academics/doctoral
https://manavrachna.edu.in/mriirs/academics/examinations
https://manavrachna.edu.in/mriirs/academics/guidelines-policies
https://manavrachna.edu.in/mriirs/academics/initiatives-innovative-practices
https://manavrachna.edu.in/mriirs/academics/m-tech-civil-engineering-construction-management
https://manavrachna.edu.in/mriirs/academics/m-tech-civil-engineering-structural-engineering
https://manavrachna.edu.in/mriirs/academics/m-tech-civil-engineering-transportation-engineering
https://manavrachna.edu.in/mriirs/academics/ma-applied-psychology
https://manavrachna.edu.in/mriirs/academics/ma-economics
https://manavrachna.edu.in/mriirs/academics/ma-economics-1
https://manavrachna.edu.in/mriirs/academics/ma-english-2
https://manavrachna.edu.in/mriirs/academics/ma-in-english
https://manavrachna.edu.in/mriirs/academics/ma-in-public-administration
https://manavrachna.edu.in/mriirs/academics/ma-mc-ma-in-media-communication-with-specialization-in-broadcast-journalism
https://manavrachna.edu.in/mriirs/academics/ma-mc-ma-in-media-communication-with-specialization-in-sports-journalism-and-pr-management
https://manavrachna.edu.in/mriirs/academics/ma-media-and-communication
https://manavrachna.edu.in/mriirs/academics/master-of-commerce
https://manavrachna.edu.in/mriirs/academics/master-of-computer-applications
https://manavrachna.edu.in/mriirs/academics/master-of-physiotherapy--orthopedics
https://manavrachna.edu.in/mriirs/academics/master-of-physiotherapy-cardio-pulmonary
https://manavrachna.edu.in/mriirs/academics/master-of-physiotherapy-mpt-sports-physiotherapy
https://manavrachna.edu.in/mriirs/academics/master-of-physiotherapy-neurology-mpt
https://manavrachna.edu.in/mriirs/academics/mba
https://manavrachna.edu.in/mriirs/academics/mba-business-intelligence-and-analytics-sas
https://manavrachna.edu.in/mriirs/academics/mba-in-finance-and-business-analytics
https://manavrachna.edu.in/mriirs/academics/mcom-1
https://manavrachna.edu.in/mriirs/academics/mphil-in-clinical-psychology
https://manavrachna.edu.in/mriirs/academics/msc-food-science-and-technology
https://manavrachna.edu.in/mriirs/academics/msc-in-biotechnology
https://manavrachna.edu.in/mriirs/academics/msc-microbiology
https://manavrachna.edu.in/mriirs/academics/msc-nutrition-and-dietetics
https://manavrachna.edu.in/mriirs/academics/mtech-civil-engineering
https://manavrachna.edu.in/mriirs/academics/mtech-civil-engineering-with-specialization-in-construction-management
https://manavrachna.edu.in/mriirs/academics/mtech-civil-engineering-with-specialization-in-transportation-engineering
https://manavrachna.edu.in/mriirs/academics/mtech-cse-ai-ml-data-science
https://manavrachna.edu.in/mriirs/academics/mtech-ece-communication-systems-vlsi-design-embedded-systems
https://manavrachna.edu.in/mriirs/academics/mtech-in-biotechnology
https://manavrachna.edu.in/mriirs/academics/mtech-in-civil-engineering-specialisation-in-structural-engineering
https://manavrachna.edu.in/mriirs/academics/mtech-mechanical-engineering
https://manavrachna.edu.in/mriirs/academics/online-programs
https://manavrachna.edu.in/mriirs/academics/phd
https://manavrachna.edu.in/mriirs/academics/phd-1
https://manavrachna.edu.in/mriirs/academics/phd-3
https://manavrachna.edu.in/mriirs/academics/phd-8
https://manavrachna.edu.in/mriirs/academics/phd-9
https://manavrachna.edu.in/mriirs/academics/phd-electrical-electronic-engineering
https://manavrachna.edu.in/mriirs/academics/phd-electronics-and-communication-engineering
https://manavrachna.edu.in/mriirs/academics/phd-in-biotechnology
https://manavrachna.edu.in/mriirs/academics/phd-in-civil-engineering
https://manavrachna.edu.in/mriirs/academics/phd-in-computer-application
https://manavrachna.edu.in/mriirs/academics/phd-in-mechanical-engineering
https://manavrachna.edu.in/mriirs/academics/phd-in-nutrition-dietetics
https://manavrachna.edu.in/mriirs/academics/phd-in-pg
https://manavrachna.edu.in/mriirs/academics/phd-mriirs
https://manavrachna.edu.in/mriirs/academics/phd-mriirs-1
https://manavrachna.edu.in/mriirs/academics/post-graduate
https://manavrachna.edu.in/mriirs/academics/post-graduate-diploma-in-culinary-arts
https://manavrachna.edu.in/mriirs/academics/professor-of-practice
https://manavrachna.edu.in/mriirs/academics/teaching-faculty
https://manavrachna.edu.in/mriirs/academics/teaching-learning-methodologies
https://manavrachna.edu.in/mriirs/academics/undergraduate
https://manavrachna.edu.in/mriirs/admissions/admission-process
https://manavrachna.edu.in/mriirs/admissions/faq
https://manavrachna.edu.in/mriirs/admissions/fee-structure
https://manavrachna.edu.in/mriirs/admissions/financial-aid-and-scholarships
https://manavrachna.edu.in/mriirs/admissions/international-admissions
https://manavrachna.edu.in/mriirs/admissions/mrnat
https://manavrachna.edu.in/mriirs/admissions/physical-counseling
https://manavrachna.edu.in/mriirs/admissions/procedure-for-change-of-program
https://manavrachna.edu.in/mriirs/admissions/refund-policy
https://manavrachna.edu.in/mriirs/admissions/student-falicitation-centre
https://manavrachna.edu.in/mriirs/global-panorma/global-partnership-team
https://manavrachna.edu.in/mriirs/global-panorma/international-alumni
https://manavrachna.edu.in/mriirs/global-panorma/study-and-work-away-service-student-exchangeinternships
https://manavrachna.edu.in/mriirs/global-panorma/tie-ups-and-engagements
https://manavrachna.edu.in/mriirs/life/alumni
https://manavrachna.edu.in/mriirs/life/clan
https://manavrachna.edu.in/mriirs/life/collaboration-partnerships-and-network
https://manavrachna.edu.in/mriirs/life/dsw
https://manavrachna.edu.in/mriirs/life/hostel-facility
https://manavrachna.edu.in/mriirs/life/hr-roundtable
https://manavrachna.edu.in/mriirs/life/infrastructure-and-support-services
https://manavrachna.edu.in/mriirs/life/initiatives
https://manavrachna.edu.in/mriirs/life/lab-facilities
https://manavrachna.edu.in/mriirs/life/mediaverse
https://manavrachna.edu.in/mriirs/life/newsletter
https://manavrachna.edu.in/mriirs/life/other-facilities
https://manavrachna.edu.in/mriirs/life/overview
https://manavrachna.edu.in/mriirs/life/scholarly-strengths
https://manavrachna.edu.in/mriirs/life/sports
https://manavrachna.edu.in/mriirs/life/transport-facility
https://manavrachna.edu.in/mriirs/placements/learning-and-development
https://manavrachna.edu.in/mriirs/placements/major-recruiters
https://manavrachna.edu.in/mriirs/placements/news-and-activity
https://manavrachna.edu.in/mriirs/placements/overview
https://manavrachna.edu.in/mriirs/placements/placement-guidelines
https://manavrachna.edu.in/mriirs/placements/placements-statistics
https://manavrachna.edu.in/mriirs/placements/recruiter-testimonials
https://manavrachna.edu.in/mriirs/placements/testimonials
https://manavrachna.edu.in/mriirs/placements/top-placement
https://manavrachna.edu.in/mriirs/research/awards-and-accomplishments
https://manavrachna.edu.in/mriirs/research/bio-info-training
https://manavrachna.edu.in/mriirs/research/centers-of-excellence
https://manavrachna.edu.in/mriirs/research/code-of-ethics
https://manavrachna.edu.in/mriirs/research/funding-opportunities
https://manavrachna.edu.in/mriirs/research/incubation
https://manavrachna.edu.in/mriirs/research/innovation
https://manavrachna.edu.in/mriirs/research/ipr-cell
https://manavrachna.edu.in/mriirs/research/overview
https://manavrachna.edu.in/mriirs/research/publications
https://manavrachna.edu.in/mriirs/research/research-clusters
https://manavrachna.edu.in/mriirs/research/research-eco-system
https://manavrachna.edu.in/mriirs/research/research-policies-and-guidelines
https://manavrachna.edu.in/mriirs/research/research-projects
https://manavrachna.edu.in/mriirs/school-of-allied-health-sciences
https://manavrachna.edu.in/mriirs/school-of-allied-health-sciences/department-of-neuro-rehabilitation
https://manavrachna.edu.in/mriirs/school-of-allied-health-sciences/department-of-nutrition-dietetics
https://manavrachna.edu.in/mriirs/school-of-allied-health-sciences/department-of-physiotherapy
https://manavrachna.edu.in/mriirs/school-of-behavioral-and-social-sciences
https://manavrachna.edu.in/mriirs/school-of-behavioral-and-social-sciences/department-of-applied-psychology
https://manavrachna.edu.in/mriirs/school-of-behavioral-and-social-sciences/department-of-economics
https://manavrachna.edu.in/mriirs/school-of-behavioral-and-social-sciences/department-of-social-and-political-studies
https://manavrachna.edu.in/mriirs/school-of-commerce
https://manavrachna.edu.in/mriirs/school-of-commerce/department-of-commerce
https://manavrachna.edu.in/mriirs/school-of-computer-application
https://manavrachna.edu.in/mriirs/school-of-computer-application/department-of-computer-application
https://manavrachna.edu.in/mriirs/school-of-culinary-and-hotel-management
https://manavrachna.edu.in/mriirs/school-of-culinary-and-hotel-management/department-of-hotel-management
https://manavrachna.edu.in/mriirs/school-of-dental-sciences
https://manavrachna.edu.in/mriirs/school-of-design
https://manavrachna.edu.in/mriirs/school-of-design/department-of-design
https://manavrachna.edu.in/mriirs/school-of-engineering-technology
https://manavrachna.edu.in/mriirs/school-of-engineering-technology/department-of-applied-science
https://manavrachna.edu.in/mriirs/school-of-engineering-technology/department-of-biotechnology
https://manavrachna.edu.in/mriirs/school-of-engineering-technology/department-of-civil-engineering
https://manavrachna.edu.in/mriirs/school-of-engineering-technology/department-of-computer-science-engineering
https://manavrachna.edu.in/mriirs/school-of-engineering-technology/department-of-electrical-and-electronic-engineering
https://manavrachna.edu.in/mriirs/school-of-engineering-technology/department-of-electronics-and-communication-engineering
https://manavrachna.edu.in/mriirs/school-of-engineering-technology/department-of-mechanical-engineering
https://manavrachna.edu.in/mriirs/school-of-leadership-management
https://manavrachna.edu.in/mriirs/school-of-leadership-management/department-of-management-studies
https://manavrachna.edu.in/mriirs/school-of-media-studies-humanities
https://manavrachna.edu.in/mriirs/school-of-media-studies-humanities/department-of-english
https://manavrachna.edu.in/mriirs/school-of-media-studies-humanities/department-of-journalism-and-mass-communication
https://manavrachna.edu.in/mru
https://manavrachna.edu.in/one-community/alumni-speak
https://manavrachna.edu.in/research-and-innovation/centers-of-excellence
https://manavrachna.edu.in/research-and-innovation/funding-opportunities
https://manavrachna.edu.in/sitemap
https://manavrachna.edu.in/student-erp
https://manavrachna.edu.in/student-support/it-cell
https://manavrachna.edu.in/student-support/manovriti
https://manavrachna.edu.in/student-support/sfc
https://manavrachna.edu.in/student-support/student-grievances
https://manavrachna.edu.in/terms-conditions
https://manavrachna.edu.in/testimonials
https://manavrachna.edu.in/tuition-and-financial-aid/scholarships
https://manavrachna.edu.in/tuition-and-financial-aid/student-fee-calculator
